yago:George_Washington	rdf:type	yago:Revolutionary	.
yago:George_Washington	rdf:type	yago:Statesman	.
yago:George_Washington	rdf:type	yago:Farmer	.
yago:George_Washington	rdf:type	yago:Land_Surveyor_Q294126	.
yago:George_Washington	rdf:type	yago:Engineer	.
yago:George_Washington	rdf:type	yago:Writer	.
yago:George_Washington	rdf:type	yago:Officer__u0028_armed_forces_u0029_	.
yago:George_Washington	rdf:type	yago:Cartographer_Q1734662	.
yago:Antarctica	rdf:type	yago:Terra_nullius	.
yago:Antarctica	rdf:type	schema:Continent	.
yago:Lion	rdf:type	schema:Taxon	.
yago:China	rdf:type	yago:State_with_limited_recognition	.
yago:China	rdf:type	yago:Secular_state	.
yago:China	rdf:type	yago:Socialist_state	.
yago:China	rdf:type	yago:People_u0027_s_republic	.
yago:China	rdf:type	yago:Communist_state	.
yago:Brazil	rdf:type	yago:Sovereign_state	.
yago:Brazil	rdf:type	yago:Secular_state	.
yago:Brazil	rdf:type	yago:Federal_republic	.
yago:Germany	rdf:type	yago:Rechtsstaat	.
yago:Germany	rdf:type	yago:Social_state	.
yago:Germany	rdf:type	yago:Federation	.
yago:Germany	rdf:type	yago:Country_Bordering_The_Baltic_Sea_Q63791824	.
yago:Germany	rdf:type	yago:Oecd_Country_Q113489728	.
yago:Solar_System	rdf:type	yago:Planetary_system	.
yago:Israel	rdf:type	yago:Oecd_Country_Q113489728	.
yago:Israel	rdf:type	yago:Mediterranean_Country_Q51576574	.
yago:Plato	rdf:type	yago:Epigrammatist_Q26237228	.
yago:Plato	rdf:type	yago:Philosopher_Of_Law_Q23760244	.
yago:United_Arab_Emirates	rdf:type	yago:Sovereign_state	.
yago:Suez_Canal	rdf:type	yago:Ship_canal	.
yago:Leonard_Cohen	rdf:type	yago:Novelist	.
yago:Leonard_Cohen	rdf:type	yago:Poet	.
yago:Leonard_Cohen	rdf:type	yago:Singer-songwriter	.
yago:Leonard_Cohen	rdf:type	yago:Record_producer	.
yago:Leonard_Cohen	rdf:type	yago:Drawer__u0028_artist_u0029_	.
yago:Leonard_Cohen	rdf:type	yago:Screenwriter	.
yago:Leonard_Cohen	rdf:type	yago:Pianist	.
yago:Leonard_Cohen	rdf:type	yago:Film_actor	.
yago:Leonard_Cohen	rdf:type	yago:Street_artist	.
yago:Leonard_Cohen	rdf:type	yago:Lyricist	.
yago:Chicago	rdf:type	yago:Global_city	.
yago:Chicago	rdf:type	yago:City_Of_Illinois_Q110071194	.
yago:Chicago	rdf:type	yago:Big_City_Q1549591	.
yago:Mississippi	rdf:type	yago:U_u002E_S_u002E__state	.
yago:David_Bowie	rdf:type	yago:Guitarist	.
yago:David_Bowie	rdf:type	yago:Singer-songwriter	.
yago:David_Bowie	rdf:type	yago:Record_producer	.
yago:David_Bowie	rdf:type	yago:Film_producer	.
yago:David_Bowie	rdf:type	yago:Art_Collector_Q10732476	.
yago:David_Bowie	rdf:type	yago:Saxophonist	.
yago:David_Bowie	rdf:type	yago:Mime_artist	.
yago:David_Bowie	rdf:type	yago:Pianist	.
yago:David_Bowie	rdf:type	yago:Film_actor	.
yago:David_Bowie	rdf:type	yago:Occultist_Q12797895	.
yago:David_Bowie	rdf:type	yago:Painter	.
yago:David_Bowie	rdf:type	yago:Music_video_director	.
yago:Canary_Islands	rdf:type	yago:Autonomous_communities_of_Spain	.
yago:Swimming	rdf:type	rdfs:Class	.
yago:Nazi_Germany	rdf:type	yago:Historical_Country_Q3024240	.
yago:Muhammad	rdf:type	yago:Consignor	.
yago:Muhammad	rdf:type	yago:Prophets_and_messengers_in_Islam	.
yago:Muhammad	rdf:type	yago:Military_Leader_Q1402561	.
yago:Muhammad	rdf:type	yago:Herder	.
yago:Muhammad	rdf:type	yago:Politician	.
yago:Muhammad	rdf:type	yago:Preacher	.
yago:Muhammad	rdf:type	yago:Merchant	.
yago:Judo	rdf:type	rdfs:Class	.
yago:Flying_Spaghetti_Monster	rdf:type	yago:God	.
yago:Byzantine_Empire	rdf:type	yago:Historical_Country_Q3024240	.
yago:The_Lord_of_the_Rings	rdf:type	yago:Literary_Trilogy_Q13593966	.
yago:The_Lord_of_the_Rings	rdf:type	yago:Novel_Series_Q1667921	.
yago:Lil_Wayne	rdf:type	yago:Entrepreneur	.
yago:Lil_Wayne	rdf:type	yago:Rapper	.
yago:Lil_Wayne	rdf:type	yago:Songwriter	.
yago:Lil_Wayne	rdf:type	yago:Singer	.
yago:Bruce_Lee	rdf:type	yago:Film_director	.
yago:Bruce_Lee	rdf:type	yago:Stunt_coordinator	.
yago:Bruce_Lee	rdf:type	yago:Film_producer	.
yago:Bruce_Lee	rdf:type	yago:Screenwriter	.
yago:Bruce_Lee	rdf:type	yago:Film_actor	.
yago:Bruce_Lee	rdf:type	yago:Television_actor	.
yago:Bruce_Lee	rdf:type	yago:Martial_Artist_Q11124885	.
yago:Balkans	rdf:type	yago:Historical_region	.
yago:Balkans	rdf:type	yago:Peninsula	.
yago:Atlanta	rdf:type	yago:State_Or_Insular_Area_Capital_Of_The_United_States_Q21518270	.
yago:Atlanta	rdf:type	yago:Big_City_Q1549591	.
yago:Atlanta	rdf:type	yago:County_seat	.
yago:Atlanta	rdf:type	yago:Municipality_Of_Georgia_Q76514543	.
yago:Taylor_Swift	rdf:type	yago:Guitarist	.
yago:Taylor_Swift	rdf:type	yago:Philanthropist	.
yago:Taylor_Swift	rdf:type	yago:Record_producer	.
yago:Taylor_Swift	rdf:type	yago:Banjoist	.
yago:Taylor_Swift	rdf:type	yago:Singer-songwriter	.
yago:Taylor_Swift	rdf:type	yago:Public_figure	.
yago:Taylor_Swift	rdf:type	yago:Pianist	.
yago:Taylor_Swift	rdf:type	yago:Voice_actor	.
yago:Taylor_Swift	rdf:type	yago:Film_actor	.
yago:Taylor_Swift	rdf:type	yago:Lyricist	.
yago:Taylor_Swift	rdf:type	yago:Television_actor	.
yago:Taylor_Swift	rdf:type	yago:Recording_Artist_Q55960555	.
yago:Inca_Empire	rdf:type	yago:Historical_Country_Q3024240	.
yago:Polar_bear	rdf:type	schema:Taxon	.
yago:Lightning	rdf:type	rdfs:Class	.
yago:Mila_Kunis	rdf:type	yago:Television_producer	.
yago:Mila_Kunis	rdf:type	yago:Child_actor	.
yago:Mila_Kunis	rdf:type	yago:Voice_actor	.
yago:Mila_Kunis	rdf:type	yago:Film_actor	.
yago:Mila_Kunis	rdf:type	yago:Erotic_photography_model	.
yago:Mila_Kunis	rdf:type	yago:Television_actor	.
yago:Battle_of_Stalingrad	rdf:type	yago:Battle	.
yago:Michael_Jordan	rdf:type	yago:Baseball_player	.
yago:Michael_Jordan	rdf:type	yago:Entrepreneur	.
yago:Michael_Jordan	rdf:type	yago:Spokesperson	.
yago:Michael_Jordan	rdf:type	yago:Basketball_player	.
yago:Michael_Jordan	rdf:type	yago:Autobiographer_Q18814623	.
yago:Talmud	rdf:type	yago:Literary_Work_Q7725634	.
yago:King_Arthur	rdf:type	yago:Mythical_Character_Q4271324	.
yago:King_Arthur	rdf:type	yago:Human_Who_May_Be_Fictional_Q21070568	.
yago:King_Arthur	rdf:type	yago:Monarch	.
yago:King_Arthur	rdf:type	yago:Legendary_Figure_Q13002315	.
yago:The_Picture_of_Dorian_Gray	rdf:type	yago:Literary_Work_Q7725634	.
yago:Grand_Canyon	rdf:type	yago:Canyon	.
yago:Spanish_flu	rdf:type	rdfs:Class	.
yago:Bohemian_Rhapsody	rdf:type	yago:Musical_Work_U002F_Composition_Q105543609	.
yago:Stove	rdf:type	rdfs:Class	.
yago:Clash_of_Civilizations	rdf:type	yago:Written_Work_Q47461344	.
yago:Edward_VIII	rdf:type	yago:Military_personnel	.
yago:Edward_VIII	rdf:type	yago:Aristocracy__u0028_class_u0029_	.
yago:Edward_VIII	rdf:type	yago:Monarch	.
yago:Conor_McGregor	rdf:type	yago:Taekwondo_Athlete_Q13382533	.
yago:Conor_McGregor	rdf:type	yago:Kickboxer_Q11296761	.
yago:Conor_McGregor	rdf:type	yago:Actor	.
yago:Conor_McGregor	rdf:type	yago:Mixed_Martial_Arts_Fighter_Q11607585	.
yago:Necessity_is_the_mother_of_invention	rdf:type	yago:Latin_Phrase_Q3062294	.
yago:Cart_before_the_horse	rdf:type	yago:Proverb	.
yago:Roundnet	rdf:type	yago:Sport	.
yago:South_America	rdf:type	yago:Subcontinent	.
yago:South_America	rdf:type	schema:Continent	.
yago:United_States	rdf:type	yago:Sovereign_state	.
yago:United_States	rdf:type	yago:Federal_republic	.
yago:Italy	rdf:type	yago:Sovereign_state	.
yago:Turkey	rdf:type	yago:Social_state	.
yago:Turkey	rdf:type	yago:Secular_state	.
yago:Turkey	rdf:type	yago:Mediterranean_Country_Q51576574	.
yago:Turkey	rdf:type	yago:Transcontinental_country	.
yago:Turkey	rdf:type	yago:Regional_power	.
yago:Turkey	rdf:type	yago:Oecd_Country_Q113489728	.
yago:Asia	rdf:type	schema:Continent	.
yago:New_York_City	rdf:type	yago:Largest_City_Q51929311	.
yago:New_York_City	rdf:type	yago:City_In_The_State_Of_New_York_Q15063611	.
yago:New_York_City	rdf:type	yago:Port_Settlement_Q2264924	.
yago:New_York_City	rdf:type	yago:Megacity	.
yago:New_York_City	rdf:type	yago:Global_city	.
yago:New_York_City	rdf:type	yago:Metropolis	.
yago:God	rdf:type	rdfs:Class	.
yago:Saturn	rdf:type	yago:Gas_giant	.
yago:Saturn	rdf:type	yago:Outer_planets	.
yago:Monaco	rdf:type	yago:Sovereign_state	.
yago:Indonesia	rdf:type	yago:Sovereign_state	.
yago:Indonesia	rdf:type	yago:Archipelagic_state	.
yago:South_Africa	rdf:type	yago:Sovereign_state	.
yago:Elvis_Presley	rdf:type	yago:Film_actor	.
yago:Elvis_Presley	rdf:type	yago:Singer	.
yago:Uranus	rdf:type	yago:Ice_giant	.
yago:Uranus	rdf:type	yago:Outer_planets	.
yago:Pluto	rdf:type	yago:Dwarf_planet	.
yago:World_War_III	rdf:type	rdfs:Class	.
yago:Moon	rdf:type	yago:Planetary-mass_moon	.
yago:Moon	rdf:type	yago:Planetary_Moon_Q109645860	.
yago:Bob_Marley	rdf:type	yago:Guitarist	.
yago:Bob_Marley	rdf:type	yago:Operator__u0028_profession_u0029_	.
yago:Bob_Marley	rdf:type	yago:Assembly_Line_Worker_Q11010088	.
yago:Bob_Marley	rdf:type	yago:Singer-songwriter	.
yago:Library_of_Alexandria	rdf:type	yago:Research_library	.
yago:Mount_Everest	rdf:type	yago:Mountain	.
yago:India	rdf:type	yago:Sovereign_state	.
yago:India	rdf:type	yago:Federal_republic	.
yago:Animal	rdf:type	schema:Taxon	.
yago:Socrates	rdf:type	yago:Teacher	.
yago:Socrates	rdf:type	yago:Philosopher	.
yago:Socrates	rdf:type	yago:Writer	.
yago:Caligula	rdf:type	yago:Politician	.
yago:Madonna	rdf:type	yago:Guitarist	.
yago:Madonna	rdf:type	yago:Philanthropist	.
yago:Madonna	rdf:type	yago:Voice_actor	.
yago:Madonna	rdf:type	yago:Film_producer	.
yago:Madonna	rdf:type	yago:Art_Collector_Q10732476	.
yago:Madonna	rdf:type	yago:Screenwriter	.
yago:Madonna	rdf:type	yago:Dancer	.
yago:Madonna	rdf:type	yago:Model__u0028_person_u0029_	.
yago:Madonna	rdf:type	yago:Children_U0027_S_Writer_Q4853732	.
yago:Madonna	rdf:type	yago:Songwriter	.
yago:Madonna	rdf:type	yago:Film_director	.
yago:Madonna	rdf:type	yago:Record_producer	.
yago:Madonna	rdf:type	yago:Film_actor	.
yago:Madonna	rdf:type	yago:Singer	.
yago:Madonna	rdf:type	yago:Poet	.
yago:Palace_of_Versailles	rdf:type	yago:Royal_palace	.
yago:Palace_of_Versailles	rdf:type	yago:Art_museum	.
yago:Palace_of_Versailles	rdf:type	yago:Château	.
yago:Solar_eclipse	rdf:type	rdfs:Class	.
yago:House	rdf:type	rdfs:Class	.
yago:Golf	rdf:type	rdfs:Class	.
yago:Novak_Djokovic	rdf:type	yago:Tennis_player	.
yago:Joan_of_Arc	rdf:type	yago:Military_personnel	.
yago:Auschwitz_concentration_camp	rdf:type	yago:Extermination_camp	.
yago:Auschwitz_concentration_camp	rdf:type	yago:Architectural_ensemble	.
yago:Auschwitz_concentration_camp	rdf:type	yago:Museum	.
yago:Iliad	rdf:type	yago:Oral_poetry	.
yago:Iliad	rdf:type	yago:Epic_poetry	.
yago:Coffee	rdf:type	rdfs:Class	.
yago:Empire_State_Building	rdf:type	yago:Skyscraper	.
yago:Empire_State_Building	rdf:type	yago:Office_Building_Q1021645	.
yago:Ronald_Reagan	rdf:type	yago:Diarist_Q18939491	.
yago:Ronald_Reagan	rdf:type	yago:Statesman	.
yago:Ronald_Reagan	rdf:type	yago:Character_actor	.
yago:Ronald_Reagan	rdf:type	yago:Radio_personality	.
yago:Ronald_Reagan	rdf:type	yago:Screenwriter	.
yago:Ronald_Reagan	rdf:type	yago:Voice_actor	.
yago:Ronald_Reagan	rdf:type	yago:Film_actor	.
yago:Ronald_Reagan	rdf:type	yago:Television_actor	.
yago:Ronald_Reagan	rdf:type	yago:Officer__u0028_armed_forces_u0029_	.
yago:Ronald_Reagan	rdf:type	yago:Trade_Unionist_Q15627169	.
yago:Rafael_Nadal	rdf:type	yago:Model__u0028_person_u0029_	.
yago:Rafael_Nadal	rdf:type	yago:Tennis_player	.
yago:Serena_Williams	rdf:type	yago:Tennis_player	.
yago:Serena_Williams	rdf:type	yago:Designer	.
yago:Serena_Williams	rdf:type	yago:Actor	.
yago:Serena_Williams	rdf:type	yago:Autobiographer_Q18814623	.
yago:Serena_Williams	rdf:type	yago:Businessperson	.
yago:Britney_Spears	rdf:type	yago:Public_figure	.
yago:Britney_Spears	rdf:type	yago:Stage_actor	.
yago:Britney_Spears	rdf:type	yago:Singer-songwriter	.
yago:Britney_Spears	rdf:type	yago:Screenwriter	.
yago:Britney_Spears	rdf:type	yago:Dancer	.
yago:Britney_Spears	rdf:type	yago:Media_presenter	.
yago:Britney_Spears	rdf:type	yago:Model__u0028_person_u0029_	.
yago:Britney_Spears	rdf:type	yago:Music_video_director	.
yago:Britney_Spears	rdf:type	yago:Child_Singer_Q15966504	.
yago:Britney_Spears	rdf:type	yago:Record_producer	.
yago:Britney_Spears	rdf:type	yago:Fashion_Designer_Q3501317	.
yago:Britney_Spears	rdf:type	yago:Film_actor	.
yago:Britney_Spears	rdf:type	yago:Perfumer	.
yago:Britney_Spears	rdf:type	yago:Television_actor	.
yago:Platypus	rdf:type	schema:Taxon	.
yago:Dune	rdf:type	rdfs:Class	.
yago:Whitney_Houston	rdf:type	yago:Record_producer	.
yago:Whitney_Houston	rdf:type	yago:Film_producer	.
yago:Whitney_Houston	rdf:type	yago:Model__u0028_person_u0029_	.
yago:Whitney_Houston	rdf:type	yago:Pianist	.
yago:Whitney_Houston	rdf:type	yago:Composer	.
yago:Whitney_Houston	rdf:type	yago:Film_actor	.
yago:Whitney_Houston	rdf:type	yago:Singer	.
yago:Whitney_Houston	rdf:type	yago:Television_actor	.
yago:Whitney_Houston	rdf:type	yago:Recording_Artist_Q55960555	.
yago:Beyoncé	rdf:type	yago:Film_director	.
yago:Beyoncé	rdf:type	yago:Choreographer	.
yago:Beyoncé	rdf:type	yago:Singer-songwriter	.
yago:Beyoncé	rdf:type	yago:Record_producer	.
yago:Beyoncé	rdf:type	yago:Film_producer	.
yago:Beyoncé	rdf:type	yago:Screenwriter	.
yago:Beyoncé	rdf:type	yago:Model__u0028_person_u0029_	.
yago:Beyoncé	rdf:type	yago:Dancer	.
yago:Beyoncé	rdf:type	yago:Voice_actor	.
yago:Beyoncé	rdf:type	yago:Film_actor	.
yago:Beyoncé	rdf:type	yago:Fashion_Designer_Q3501317	.
yago:Beyoncé	rdf:type	yago:Recording_Artist_Q55960555	.
yago:Rihanna	rdf:type	yago:Singer	.
yago:William_the_Conqueror	rdf:type	yago:Military_personnel	.
yago:William_the_Conqueror	rdf:type	yago:Monarch	.
yago:Michael_Phelps	rdf:type	yago:Swimmer	.
yago:Big_Ben	rdf:type	yago:Architectural_Element_Q391414	.
yago:Big_Ben	rdf:type	yago:Turret_clock	.
yago:Big_Ben	rdf:type	yago:Striking_clock	.
yago:Big_Ben	rdf:type	yago:Bell	.
yago:Katy_Perry	rdf:type	yago:Guitarist	.
yago:Katy_Perry	rdf:type	yago:Philanthropist	.
yago:Katy_Perry	rdf:type	yago:Singer-songwriter	.
yago:Katy_Perry	rdf:type	yago:Record_producer	.
yago:Katy_Perry	rdf:type	yago:Model__u0028_person_u0029_	.
yago:Katy_Perry	rdf:type	yago:Dancer	.
yago:Katy_Perry	rdf:type	yago:Voice_actor	.
yago:Katy_Perry	rdf:type	yago:Autobiographer_Q18814623	.
yago:Thor	rdf:type	yago:Norse_Deity_Q16513881	.
yago:Thor	rdf:type	yago:Thunder_God_Q842697	.
yago:Temple_of_Artemis	rdf:type	yago:Destroyed_Building_Or_Structure_Q19860854	.
yago:Temple_of_Artemis	rdf:type	yago:Wonder_Of_The_Ancient_World_Q66108498	.
yago:Temple_of_Artemis	rdf:type	yago:Ancient_Greek_temple	.
yago:Lighthouse_of_Alexandria	rdf:type	yago:Ancient_Lighthouse_Q3378136	.
yago:Lighthouse_of_Alexandria	rdf:type	yago:Destroyed_Building_Or_Structure_Q19860854	.
yago:Lighthouse_of_Alexandria	rdf:type	yago:Wonder_Of_The_Ancient_World_Q66108498	.
yago:Dodo	rdf:type	yago:Extinct_Taxon_Q98961713	.
yago:Golden_Gate_Bridge	rdf:type	yago:Suspension_bridge	.
yago:Golden_Gate_Bridge	rdf:type	yago:Toll_bridge	.
yago:Golden_Gate_Bridge	rdf:type	yago:Steel_Bridge_Q12042110	.
yago:Golden_Gate_Bridge	rdf:type	yago:Road_Bridge_Q537127	.
yago:American_Horror_Story	rdf:type	schema:TVSeries	.
yago:Mike_Tyson	rdf:type	yago:Voice_actor	.
yago:Mike_Tyson	rdf:type	yago:Autobiographer_Q18814623	.
yago:Mike_Tyson	rdf:type	yago:Podcaster_Q15077007	.
yago:Mike_Tyson	rdf:type	yago:Boxer	.
yago:Forbidden_City	rdf:type	yago:Palace	.
yago:Forbidden_City	rdf:type	yago:Building_Complex_Q1497364	.
yago:Cup	rdf:type	rdfs:Class	.
yago:Fork	rdf:type	rdfs:Class	.
yago:Selena_Gomez	rdf:type	yago:Singer-songwriter	.
yago:Selena_Gomez	rdf:type	yago:Filmmaker_Q1414443	.
yago:Selena_Gomez	rdf:type	yago:Record_producer	.
yago:Selena_Gomez	rdf:type	yago:Model__u0028_person_u0029_	.
yago:Selena_Gomez	rdf:type	yago:Voice_actor	.
yago:Selena_Gomez	rdf:type	yago:Fashion_Designer_Q3501317	.
yago:Alfred_the_Great	rdf:type	yago:Monarch	.
yago:Alfred_the_Great	rdf:type	yago:Writer	.
yago:Neymar	rdf:type	yago:Association_football_player	.
yago:Ariana_Grande	rdf:type	yago:Philanthropist	.
yago:Ariana_Grande	rdf:type	yago:Singer-songwriter	.
yago:Ariana_Grande	rdf:type	yago:Record_producer	.
yago:Ariana_Grande	rdf:type	yago:Model__u0028_person_u0029_	.
yago:Ariana_Grande	rdf:type	yago:Dancer	.
yago:Ariana_Grande	rdf:type	yago:Voice_actor	.
yago:Sons_of_Anarchy	rdf:type	schema:TVSeries	.
yago:Disneyland	rdf:type	yago:Resort	.
yago:Disneyland	rdf:type	yago:Theme_Park_Q2416723	.
yago:Daft_Punk	rdf:type	yago:Electronica_Duo_Q71129815	.
yago:Kim_Kardashian	rdf:type	yago:Celebrity	.
yago:Kim_Kardashian	rdf:type	yago:Television_producer	.
yago:Kim_Kardashian	rdf:type	yago:Entrepreneur	.
yago:Kim_Kardashian	rdf:type	yago:Fashion_Designer_Q3501317	.
yago:Kim_Kardashian	rdf:type	yago:Voice_actor	.
yago:Kim_Kardashian	rdf:type	yago:Socialite	.
yago:Kim_Kardashian	rdf:type	yago:Blogger_Q8246794	.
yago:Kim_Kardashian	rdf:type	yago:Erotic_photography_model	.
yago:Kim_Kardashian	rdf:type	yago:Singer	.
yago:Captain_America	rdf:type	yago:Military_personnel	.
yago:Captain_America	rdf:type	yago:Mutate_Q14831768	.
yago:Fifty_Shades_of_Grey	rdf:type	yago:Literary_Work_Q7725634	.
yago:Alcatraz_Federal_Penitentiary	rdf:type	yago:Federal_prison	.
yago:Alcatraz_Federal_Penitentiary	rdf:type	yago:Museum	.
yago:Berlin	rdf:type	yago:Independent_City_In_Berlin_Q114401982	.
yago:Berlin	rdf:type	yago:Town_Divided_By_Border_Q67123843	.
yago:Berlin	rdf:type	yago:Metropolis	.
yago:Berlin	rdf:type	yago:Lists_of_former_Hansa_cities	.
yago:Berlin	rdf:type	yago:Seat_of_government	.
yago:Berlin	rdf:type	yago:Largest_City_Q51929311	.
yago:Berlin	rdf:type	yago:States_of_Germany	.
yago:Berlin	rdf:type	yago:City-state	.
yago:Berlin	rdf:type	yago:Million_City_Q1637706	.
yago:Berlin	rdf:type	yago:Capital_city	.
yago:Berlin	rdf:type	yago:Einheitsgemeinde_Of_Germany_Q15974307	.
yago:Abraham_Lincoln	rdf:type	yago:Postmaster	.
yago:Abraham_Lincoln	rdf:type	yago:Statesman	.
yago:Abraham_Lincoln	rdf:type	yago:Lawyer	.
yago:Abraham_Lincoln	rdf:type	yago:Farmer	.
yago:Abraham_Lincoln	rdf:type	yago:Writer	.
yago:Abraham_Lincoln	rdf:type	yago:Officer__u0028_armed_forces_u0029_	.
yago:Atlantic_Ocean	rdf:type	yago:Ocean	.
yago:Ukraine	rdf:type	yago:Sovereign_state	.
yago:Star_Wars	rdf:type	yago:Media_franchise	.
yago:Chernobyl_disaster	rdf:type	yago:Nuclear_Disaster_Q15725976	.
yago:Dubai	rdf:type	yago:Largest_City_Q51929311	.
yago:Dubai	rdf:type	yago:Global_city	.
yago:Dubai	rdf:type	yago:Million_City_Q1637706	.
yago:Dubai	rdf:type	yago:Metropolis	.
yago:Lionel_Messi	rdf:type	yago:Association_football_player	.
yago:Chicken	rdf:type	rdfs:Class	.
yago:Pakistan	rdf:type	yago:Sovereign_state	.
yago:Philippines	rdf:type	yago:Sovereign_state	.
yago:Philippines	rdf:type	yago:Archipelagic_state	.
yago:Julius_Caesar	rdf:type	yago:Ancient_Roman_Priest_Q3409374	.
yago:Julius_Caesar	rdf:type	yago:Military_Leader_Q1402561	.
yago:Julius_Caesar	rdf:type	yago:Ruler_Q1097498	.
yago:Julius_Caesar	rdf:type	yago:Poet	.
yago:Julius_Caesar	rdf:type	yago:Ancient_Roman_Military_Personnel_Q98103687	.
yago:Julius_Caesar	rdf:type	yago:Orator	.
yago:Julius_Caesar	rdf:type	yago:Ancient_Roman_Politician_Q97667506	.
yago:Julius_Caesar	rdf:type	yago:Ancient_Roman_Historian_Q99899510	.
yago:Julius_Caesar	rdf:type	yago:Memoirist_Q11774156	.
yago:Usain_Bolt	rdf:type	yago:Association_football_player	.
yago:Usain_Bolt	rdf:type	yago:Sprinter_Q4009406	.
yago:Philadelphia	rdf:type	yago:Home_rule_municipality__u0028_Pennsylvania_u0029_	.
yago:Philadelphia	rdf:type	yago:City_Of_Pennsylvania_Q21010817	.
yago:Philadelphia	rdf:type	yago:County_seat	.
yago:Philadelphia	rdf:type	yago:Million_City_Q1637706	.
yago:Nero	rdf:type	yago:Military_personnel	.
yago:Nero	rdf:type	yago:Politician	.
yago:Nero	rdf:type	yago:Poet	.
yago:Barcelona	rdf:type	yago:Municipality_Of_Catalonia_Q33146843	.
yago:French_Revolution	rdf:type	yago:Revolution	.
yago:French_Revolution	rdf:type	yago:Historical_Event_Q13418847	.
yago:Elizabeth_I	rdf:type	yago:Queen_Q16511993	.
yago:Dragon	rdf:type	yago:Legendary_creature	.
yago:Nelson_Mandela	rdf:type	yago:Lawyer	.
yago:Nelson_Mandela	rdf:type	yago:Politician	.
yago:Nelson_Mandela	rdf:type	yago:Political_prisoner	.
yago:Nelson_Mandela	rdf:type	yago:Political_activist	.
yago:Nelson_Mandela	rdf:type	yago:Autobiographer_Q18814623	.
yago:The_Art_of_War	rdf:type	yago:Written_Work_Q47461344	.
yago:Moses	rdf:type	yago:Thaumaturge_Q1349880	.
yago:Moses	rdf:type	yago:Military_Leader_Q1402561	.
yago:Moses	rdf:type	yago:Ruler_Q1097498	.
yago:Moses	rdf:type	yago:Herder	.
yago:Moses	rdf:type	yago:Legislator	.
yago:Moses	rdf:type	yago:Religious_Leader_Q15995642	.
yago:Moses	rdf:type	yago:Human_Biblical_Figure_Q20643955	.
yago:Abraham	rdf:type	yago:Herder	.
yago:Abraham	rdf:type	yago:Father_Of_Faith_Q2142783	.
yago:Abraham	rdf:type	yago:Human_Biblical_Figure_Q20643955	.
yago:Ming_dynasty	rdf:type	yago:Historical_Chinese_State_Q50068795	.
yago:Red_Hot_Chili_Peppers	rdf:type	yago:Rock_Group_Q5741069	.
yago:The_Hunger_Games	rdf:type	yago:Literary_Trilogy_Q13593966	.
yago:The_Hunger_Games	rdf:type	yago:Novel_Series_Q1667921	.
yago:Photosynthesis	rdf:type	rdfs:Class	.
yago:Mongol_Empire	rdf:type	yago:Historical_Country_Q3024240	.
yago:Tyrannosaurus	rdf:type	yago:Fossil_Taxon_Q23038290	.
yago:Lady_Gaga	rdf:type	yago:Singer	.
yago:Lady_Gaga	rdf:type	yago:Songwriter	.
yago:Tiger	rdf:type	schema:Taxon	.
yago:Donald_Trump	rdf:type	yago:Business_magnate	.
yago:Donald_Trump	rdf:type	yago:Television_producer	.
yago:Donald_Trump	rdf:type	yago:Game_show_host	.
yago:Donald_Trump	rdf:type	yago:Film_producer	.
yago:Donald_Trump	rdf:type	yago:Politician	.
yago:Donald_Trump	rdf:type	yago:Merchant	.
yago:Donald_Trump	rdf:type	yago:Writer	.
yago:Donald_Trump	rdf:type	yago:Chief_executive_officer	.
yago:Donald_Trump	rdf:type	yago:Investor	.
yago:Donald_Trump	rdf:type	yago:Restaurateur	.
yago:Donald_Trump	rdf:type	yago:Conspiracy_Theorist_Q19831149	.
yago:Donald_Trump	rdf:type	yago:Real_estate_entrepreneur	.
yago:Cheetah	rdf:type	schema:Taxon	.
yago:Boxing	rdf:type	rdfs:Class	.
yago:Doctor_Who	rdf:type	schema:TVSeries	.
yago:Scarlett_Johansson	rdf:type	yago:Film_director	.
yago:Scarlett_Johansson	rdf:type	yago:Stage_actor	.
yago:Scarlett_Johansson	rdf:type	yago:Model__u0028_person_u0029_	.
yago:Scarlett_Johansson	rdf:type	yago:Voice_actor	.
yago:Scarlett_Johansson	rdf:type	yago:Film_actor	.
yago:Scarlett_Johansson	rdf:type	yago:Singer	.
yago:Scarlett_Johansson	rdf:type	yago:Recording_Artist_Q55960555	.
yago:Johnny_Depp	rdf:type	yago:Film_director	.
yago:Johnny_Depp	rdf:type	yago:Guitarist	.
yago:Johnny_Depp	rdf:type	yago:Film_producer	.
yago:Johnny_Depp	rdf:type	yago:Screenwriter	.
yago:Johnny_Depp	rdf:type	yago:Voice_actor	.
yago:Johnny_Depp	rdf:type	yago:Film_actor	.
yago:Johnny_Depp	rdf:type	yago:Nightclub_Owner_Q22810659	.
yago:Johnny_Depp	rdf:type	yago:Television_actor	.
yago:Natalie_Portman	rdf:type	yago:Film_director	.
yago:Natalie_Portman	rdf:type	yago:Stage_actor	.
yago:Natalie_Portman	rdf:type	yago:Film_producer	.
yago:Natalie_Portman	rdf:type	yago:Screenwriter	.
yago:Natalie_Portman	rdf:type	yago:Model__u0028_person_u0029_	.
yago:Natalie_Portman	rdf:type	yago:Film_actor	.
yago:Natalie_Portman	rdf:type	yago:Television_actor	.
yago:Leonardo_DiCaprio	rdf:type	yago:Stage_actor	.
yago:Leonardo_DiCaprio	rdf:type	yago:Film_producer	.
yago:Leonardo_DiCaprio	rdf:type	yago:Screenwriter	.
yago:Leonardo_DiCaprio	rdf:type	yago:Film_actor	.
yago:Leonardo_DiCaprio	rdf:type	yago:Environmentalist	.
yago:Leonardo_DiCaprio	rdf:type	yago:Television_actor	.
yago:Sylvester_Stallone	rdf:type	yago:Film_director	.
yago:Sylvester_Stallone	rdf:type	yago:Film_producer	.
yago:Sylvester_Stallone	rdf:type	yago:Screenwriter	.
yago:Sylvester_Stallone	rdf:type	yago:Film_actor	.
yago:Clint_Eastwood	rdf:type	yago:Film_director	.
yago:Clint_Eastwood	rdf:type	yago:Film_producer	.
yago:Clint_Eastwood	rdf:type	yago:Character_actor	.
yago:Clint_Eastwood	rdf:type	yago:Jazz_Musician_Q15981151	.
yago:Clint_Eastwood	rdf:type	yago:Film_Score_Composer_Q1415090	.
yago:Clint_Eastwood	rdf:type	yago:Screenwriter	.
yago:Clint_Eastwood	rdf:type	yago:Helicopter_Pilot_Q20726593	.
yago:Clint_Eastwood	rdf:type	yago:Film_actor	.
yago:Clint_Eastwood	rdf:type	yago:Peace_Activist_Q16323111	.
yago:Clint_Eastwood	rdf:type	yago:Soldier	.
yago:Clint_Eastwood	rdf:type	yago:Television_actor	.
yago:Clint_Eastwood	rdf:type	yago:Restaurateur	.
yago:Clint_Eastwood	rdf:type	yago:Songwriter	.
yago:Clint_Eastwood	rdf:type	yago:Singer	.
yago:Eric_Clapton	rdf:type	yago:Guitarist	.
yago:Eric_Clapton	rdf:type	yago:Singer-songwriter	.
yago:Eric_Clapton	rdf:type	yago:Jazz_Musician_Q15981151	.
yago:Eric_Clapton	rdf:type	yago:Autobiographer_Q18814623	.
yago:Eric_Clapton	rdf:type	yago:Recording_Artist_Q55960555	.
yago:Six-Day_War	rdf:type	yago:War	.
yago:Mixed_martial_arts	rdf:type	rdfs:Class	.
yago:Sink	rdf:type	rdfs:Class	.
yago:Mark_Wahlberg	rdf:type	yago:Record_producer	.
yago:Mark_Wahlberg	rdf:type	yago:Television_producer	.
yago:Mark_Wahlberg	rdf:type	yago:Film_producer	.
yago:Mark_Wahlberg	rdf:type	yago:Model__u0028_person_u0029_	.
yago:Mark_Wahlberg	rdf:type	yago:Film_actor	.
yago:Mark_Wahlberg	rdf:type	yago:Rapper	.
yago:Mark_Wahlberg	rdf:type	yago:Television_actor	.
yago:Mark_Wahlberg	rdf:type	yago:Singer	.
yago:Lord_Voldemort	rdf:type	yago:Slytherin_Student_Q33297169	.
yago:Lord_Voldemort	rdf:type	yago:Serial_killer	.
yago:Lord_Voldemort	rdf:type	yago:Theatrical_Character_Q3375722	.
yago:Lord_Voldemort	rdf:type	yago:Fictional_Tyrant_Q16157720	.
yago:Lord_Voldemort	rdf:type	yago:War_Criminal_Q11075015	.
yago:Lord_Voldemort	rdf:type	yago:Half-blood__u0028_Harry_Potter_u0029_	.
yago:Lord_Voldemort	rdf:type	yago:Film_Character_Q15773347	.
yago:Lord_Voldemort	rdf:type	yago:Literary_Character_Q3658341	.
yago:Iron_Man	rdf:type	yago:Inventor	.
yago:Iron_Man	rdf:type	yago:Superhero	.
yago:Iron_Man	rdf:type	yago:Comics_Character_Q1114461	.
yago:Iron_Man	rdf:type	yago:Film_Character_Q15773347	.
yago:Iron_Man	rdf:type	yago:Businessperson	.
yago:Empire_of_Japan	rdf:type	yago:Historical_Country_Q3024240	.
yago:Jennifer_Lawrence	rdf:type	yago:Film_actor	.
yago:Jennifer_Lawrence	rdf:type	yago:Television_actor	.
yago:Palaiseau	rdf:type	yago:Communes_of_France	.
yago:The_Great_Gatsby	rdf:type	yago:Literary_Work_Q7725634	.
yago:George_VI	rdf:type	yago:Aristocracy__u0028_class_u0029_	.
yago:George_VI	rdf:type	yago:Tennis_player	.
yago:George_VI	rdf:type	yago:Officer__u0028_armed_forces_u0029_	.
yago:George_VI	rdf:type	yago:Monarch	.
yago:Deadpool	rdf:type	yago:Superhero_Film_Character_Q63998451	.
yago:Deadpool	rdf:type	yago:Mercenary	.
yago:Deadpool	rdf:type	yago:Mutate_Q14831768	.
yago:Deadpool	rdf:type	yago:Animated_character	.
yago:Deadpool	rdf:type	yago:Video_Game_Character_Q1569167	.
yago:Deadpool	rdf:type	yago:Soldier	.
yago:Deadpool	rdf:type	yago:Supersoldier	.
yago:Russo-Ukrainian_War	rdf:type	yago:Undeclared_war	.
yago:Russo-Ukrainian_War	rdf:type	yago:Intervention__u0028_international_law_u0029_	.
yago:Russo-Ukrainian_War	rdf:type	yago:International_crisis	.
yago:Millie_Bobby_Brown	rdf:type	yago:Model__u0028_person_u0029_	.
yago:Millie_Bobby_Brown	rdf:type	yago:Film_actor	.
yago:Millie_Bobby_Brown	rdf:type	yago:Producer_Q47541952	.
yago:Greta_Thunberg	rdf:type	yago:Environmentalist	.
yago:Paris	rdf:type	yago:Territorial_Collectivity_Of_France_With_Special_Status_Q22923920	.
yago:Paris	rdf:type	yago:College_town	.
yago:Paris	rdf:type	yago:Capital_city	.
yago:Paris	rdf:type	yago:Largest_City_Q51929311	.
yago:Paris	rdf:type	yago:Megacity	.
yago:Paris	rdf:type	yago:Global_city	.
yago:Paris	rdf:type	yago:Metropolis	.
yago:Russia	rdf:type	yago:Secular_state	.
yago:Russia	rdf:type	yago:Federation	.
yago:Russia	rdf:type	yago:Sovereign_state	.
yago:Russia	rdf:type	yago:Transcontinental_country	.
yago:Jesus	rdf:type	yago:Prophet	.
yago:Jesus	rdf:type	yago:Thaumaturge_Q1349880	.
yago:Jesus	rdf:type	yago:Teacher	.
yago:Jesus	rdf:type	yago:Deity	.
yago:Jesus	rdf:type	yago:Messiah	.
yago:Jesus	rdf:type	yago:Father_Of_Faith_Q2142783	.
yago:Jesus	rdf:type	yago:Preacher	.
yago:Jesus	rdf:type	yago:Rabbi	.
yago:Jesus	rdf:type	yago:Folk_healer	.
yago:Jesus	rdf:type	yago:Carpenter	.
yago:Jesus	rdf:type	yago:Human_Biblical_Figure_Q20643955	.
yago:Milky_Way	rdf:type	yago:Barred_spiral_galaxy	.
yago:Milky_Way	rdf:type	yago:Celestial_Body_Q1519541	.
yago:Linux	rdf:type	rdfs:Class	.
yago:Aristotle	rdf:type	yago:Philosopher	.
yago:The_Simpsons	rdf:type	yago:Animated_series	.
yago:Marcus_Aurelius	rdf:type	yago:Politician	.
yago:Marcus_Aurelius	rdf:type	yago:Philosopher	.
yago:Marcus_Aurelius	rdf:type	yago:Writer	.
yago:Bible	rdf:type	rdfs:Class	.
yago:The_Holocaust	rdf:type	rdfs:Class	.
yago:Charlemagne	rdf:type	yago:Monarch	.
yago:Marilyn_Monroe	rdf:type	yago:Fashion_Model_Q3357567	.
yago:Marilyn_Monroe	rdf:type	yago:Film_producer	.
yago:Marilyn_Monroe	rdf:type	yago:Playboy_Playmate	.
yago:Marilyn_Monroe	rdf:type	yago:Film_actor	.
yago:Marilyn_Monroe	rdf:type	yago:Autobiographer_Q18814623	.
yago:Marilyn_Monroe	rdf:type	yago:Singer	.
yago:Blanket	rdf:type	rdfs:Class	.
yago:Marco_Polo	rdf:type	yago:Ambassador	.
yago:Marco_Polo	rdf:type	yago:Entrepreneur	.
yago:Marco_Polo	rdf:type	yago:World_Traveler_Q1937330	.
yago:Marco_Polo	rdf:type	yago:Memoirist_Q11774156	.
yago:Marco_Polo	rdf:type	yago:Merchant	.
yago:Han_dynasty	rdf:type	yago:Dynasties_in_Chinese_history	.
yago:Han_dynasty	rdf:type	yago:Historical_Chinese_State_Q50068795	.
yago:Panama_Canal	rdf:type	yago:Ship_canal	.
yago:Margaret_Thatcher	rdf:type	yago:Chemist	.
yago:Margaret_Thatcher	rdf:type	yago:Statesman	.
yago:Margaret_Thatcher	rdf:type	yago:Autobiographer_Q18814623	.
yago:Margaret_Thatcher	rdf:type	yago:Barrister	.
yago:Queen_Victoria	rdf:type	yago:Monarch	.
yago:Glass	rdf:type	rdfs:Class	.
yago:Alpha_Centauri	rdf:type	yago:Navigational_Star_Q108171565	.
yago:Alpha_Centauri	rdf:type	yago:Triple_star_system	.
yago:Alpha_Centauri	rdf:type	yago:Multiple_star	.
yago:Game_of_Thrones	rdf:type	schema:TVSeries	.
yago:Brad_Pitt	rdf:type	yago:Film_director	.
yago:Brad_Pitt	rdf:type	yago:Television_producer	.
yago:Brad_Pitt	rdf:type	yago:Film_producer	.
yago:Brad_Pitt	rdf:type	yago:Model__u0028_person_u0029_	.
yago:Brad_Pitt	rdf:type	yago:Executive_producer	.
yago:Brad_Pitt	rdf:type	yago:Voice_actor	.
yago:Brad_Pitt	rdf:type	yago:Film_actor	.
yago:Brad_Pitt	rdf:type	yago:Television_actor	.
yago:Tom_Cruise	rdf:type	yago:Film_director	.
yago:Tom_Cruise	rdf:type	yago:Film_producer	.
yago:Tom_Cruise	rdf:type	yago:Film_actor	.
yago:Henry_VIII	rdf:type	yago:Composer	.
yago:Henry_VIII	rdf:type	yago:Monarch	.
yago:Mariah_Carey	rdf:type	yago:Philanthropist	.
yago:Mariah_Carey	rdf:type	yago:Singer-songwriter	.
yago:Mariah_Carey	rdf:type	yago:Entertainer	.
yago:Mariah_Carey	rdf:type	yago:Film_producer	.
yago:Mariah_Carey	rdf:type	yago:Model__u0028_person_u0029_	.
yago:Mariah_Carey	rdf:type	yago:Voice_actor	.
yago:Mariah_Carey	rdf:type	yago:Music_Producer_Q3922505	.
yago:Mariah_Carey	rdf:type	yago:Music_video_director	.
yago:Mariah_Carey	rdf:type	yago:Recording_Artist_Q55960555	.
yago:Bermuda_Triangle	rdf:type	yago:Urban_legends_and_myths	.
yago:Alhambra	rdf:type	yago:Palace	.
yago:Alhambra	rdf:type	yago:Garden	.
yago:Alhambra	rdf:type	yago:Group_Of_Monuments_Q61760621	.
yago:Arc_de_Triomphe	rdf:type	yago:Triumphal_arch	.
yago:Avatar	rdf:type	rdfs:Class	.
yago:Wembley_Stadium	rdf:type	yago:Multi-purpose_stadium	.
yago:Eclipse	rdf:type	rdfs:Class	.
yago:Les_Misérables	rdf:type	yago:Literary_Work_Q7725634	.
yago:We_Are_the_World	rdf:type	yago:Song	.
yago:We_Are_the_World	rdf:type	yago:Single__u0028_music_u0029_	.
yago:Columbine_High_School_massacre	rdf:type	yago:Mass_shooting	.
yago:Columbine_High_School_massacre	rdf:type	yago:Murder_u2013_suicide	.
yago:Columbine_High_School_massacre	rdf:type	yago:School_shooting	.
yago:An_apple_a_day_keeps_the_doctor_away	rdf:type	yago:Proverb	.
yago:Machu_Picchu	rdf:type	yago:Ancient_City_Q15661340	.
yago:Giraffe	rdf:type	schema:Taxon	.
yago:Netherlands	rdf:type	yago:Country_Of_The_Kingdom_Of_The_Netherlands_Q15304003	.
yago:Netherlands	rdf:type	schema:Country	.
yago:San_Francisco	rdf:type	yago:County_Of_California_Q13212489	.
yago:San_Francisco	rdf:type	yago:Big_City_Q1549591	.
yago:San_Francisco	rdf:type	yago:Charter_City_Q13218391	.
yago:San_Francisco	rdf:type	yago:Consolidated_city-county	.
yago:San_Francisco	rdf:type	yago:Sanctuary_city	.
yago:Boston	rdf:type	yago:State_Or_Insular_Area_Capital_Of_The_United_States_Q21518270	.
yago:Boston	rdf:type	yago:County_seat	.
yago:Boston	rdf:type	yago:Big_City_Q1549591	.
yago:Rome	rdf:type	yago:Border_town	.
yago:Rome	rdf:type	yago:Abolished_Municipality_In_Italy_Q3685476	.
yago:Rome	rdf:type	yago:College_town	.
yago:Rome	rdf:type	yago:Capital_city	.
yago:Rome	rdf:type	yago:Largest_City_Q51929311	.
yago:Rome	rdf:type	yago:Million_City_Q1637706	.
yago:Rome	rdf:type	yago:Metropolis	.
yago:Neptune	rdf:type	yago:Ice_giant	.
yago:Neptune	rdf:type	yago:Outer_planets	.
yago:Cleopatra	rdf:type	yago:Monarch	.
yago:Tennis	rdf:type	rdfs:Class	.
yago:Bill_Clinton	rdf:type	yago:Teacher	.
yago:Bill_Clinton	rdf:type	yago:Statesman	.
yago:Bill_Clinton	rdf:type	yago:Lawyer	.
yago:Bill_Clinton	rdf:type	yago:Saxophonist	.
yago:Bill_Clinton	rdf:type	yago:Autobiographer_Q18814623	.
yago:Mumbai	rdf:type	yago:State_Capital_Q11271835	.
yago:Mumbai	rdf:type	yago:Megacity	.
yago:Mumbai	rdf:type	yago:Second_Largest_City_Q50330360	.
yago:Mumbai	rdf:type	yago:Business_cluster	.
yago:Mumbai	rdf:type	yago:Metropolis	.
yago:Tokyo	rdf:type	yago:Prefectures_of_Japan	.
yago:Tokyo	rdf:type	yago:Largest_City_Q51929311	.
yago:Tokyo	rdf:type	yago:Megacity	.
yago:Tokyo	rdf:type	yago:Global_city	.
yago:Tokyo	rdf:type	yago:Capital_of_Japan	.
yago:Tokyo	rdf:type	yago:Metropolis	.
yago:Copenhagen	rdf:type	yago:Cycling_City_Q1392581	.
yago:Copenhagen	rdf:type	yago:Capital_city	.
yago:Copenhagen	rdf:type	yago:Big_City_Q1549591	.
yago:Copenhagen	rdf:type	yago:Largest_City_Q51929311	.
yago:Bird	rdf:type	schema:Taxon	.
yago:Petra	rdf:type	yago:Ancient_City_Q15661340	.
yago:Joe_Biden	rdf:type	yago:Lawyer	.
yago:Joe_Biden	rdf:type	yago:University_Teacher_Q1622272	.
yago:Joe_Biden	rdf:type	yago:Senator	.
yago:Shark	rdf:type	schema:Taxon	.
yago:Winston_Churchill	rdf:type	yago:Politician	.
yago:Winston_Churchill	rdf:type	yago:Historian	.
yago:Volcano	rdf:type	rdfs:Class	.
yago:Hong_Kong	rdf:type	yago:Million_City_Q1637706	.
yago:Hong_Kong	rdf:type	yago:Global_city	.
yago:Hong_Kong	rdf:type	yago:Special_administrative_regions_of_China	.
yago:Hong_Kong	rdf:type	yago:Metropolis	.
yago:Great_Depression	rdf:type	yago:Economic_crisis	.
yago:Great_Depression	rdf:type	yago:Recession	.
yago:Taj_Mahal	rdf:type	yago:Tomb	.
yago:Taj_Mahal	rdf:type	yago:Mausoleum	.
yago:Elizabeth_II	rdf:type	yago:Monarch	.
yago:Parthenon	rdf:type	yago:Religious_Building_Ruin_Q96352513	.
yago:Parthenon	rdf:type	yago:Ancient_Greek_temple	.
yago:Spanish_Civil_War	rdf:type	yago:Civil_war	.
yago:Kanye_West	rdf:type	yago:Film_director	.
yago:Kanye_West	rdf:type	yago:Record_producer	.
yago:Kanye_West	rdf:type	yago:Architect	.
yago:Kanye_West	rdf:type	yago:Politician	.
yago:Kanye_West	rdf:type	yago:Fashion_Designer_Q3501317	.
yago:Kanye_West	rdf:type	yago:Actor	.
yago:Kanye_West	rdf:type	yago:Blogger_Q8246794	.
yago:Kanye_West	rdf:type	yago:Rapper	.
yago:Kanye_West	rdf:type	yago:Restaurateur	.
yago:Kanye_West	rdf:type	yago:Songwriter	.
yago:Kanye_West	rdf:type	yago:Singer	.
yago:Louvre	rdf:type	yago:Archaeology_museum	.
yago:Kobe_Bryant	rdf:type	yago:Basketball_player	.
yago:Kobe_Bryant	rdf:type	yago:Professional_Athlete_Q27503001	.
yago:Kobe_Bryant	rdf:type	yago:Screenwriter	.
yago:Jennifer_Aniston	rdf:type	yago:Film_director	.
yago:Jennifer_Aniston	rdf:type	yago:Stage_actor	.
yago:Jennifer_Aniston	rdf:type	yago:Film_producer	.
yago:Jennifer_Aniston	rdf:type	yago:Executive_producer	.
yago:Jennifer_Aniston	rdf:type	yago:Voice_actor	.
yago:Jennifer_Aniston	rdf:type	yago:Film_actor	.
yago:Jennifer_Aniston	rdf:type	yago:Television_actor	.
yago:Cougar	rdf:type	schema:Taxon	.
yago:White_House	rdf:type	yago:Official_residence	.
yago:White_House	rdf:type	yago:Mansion	.
yago:White_House	rdf:type	yago:Civic_Building_Q52177058	.
yago:Muhammad_Ali	rdf:type	yago:Boxer	.
yago:Hannibal	rdf:type	yago:Military_Leader_Q1402561	.
yago:Hannibal	rdf:type	yago:Politician	.
yago:Emma_Watson	rdf:type	yago:Fashion_Model_Q3357567	.
yago:Emma_Watson	rdf:type	yago:Stage_actor	.
yago:Emma_Watson	rdf:type	yago:Child_actor	.
yago:Emma_Watson	rdf:type	yago:Activist	.
yago:Emma_Watson	rdf:type	yago:Voice_actor	.
yago:Emma_Watson	rdf:type	yago:Film_actor	.
yago:Jennifer_Lopez	rdf:type	yago:Film_director	.
yago:Jennifer_Lopez	rdf:type	yago:Choreographer	.
yago:Jennifer_Lopez	rdf:type	yago:Singer-songwriter	.
yago:Jennifer_Lopez	rdf:type	yago:Record_producer	.
yago:Jennifer_Lopez	rdf:type	yago:Film_producer	.
yago:Jennifer_Lopez	rdf:type	yago:Television_producer	.
yago:Jennifer_Lopez	rdf:type	yago:Dancer	.
yago:Jennifer_Lopez	rdf:type	yago:Executive_producer	.
yago:Jennifer_Lopez	rdf:type	yago:Model__u0028_person_u0029_	.
yago:Jennifer_Lopez	rdf:type	yago:Fashion_Designer_Q3501317	.
yago:Jennifer_Lopez	rdf:type	yago:Film_actor	.
yago:Jennifer_Lopez	rdf:type	yago:Voice_actor	.
yago:Jennifer_Lopez	rdf:type	yago:Autobiographer_Q18814623	.
yago:Jennifer_Lopez	rdf:type	yago:Television_actor	.
yago:Jennifer_Lopez	rdf:type	yago:Restaurateur	.
yago:Minecraft	rdf:type	yago:Video_game	.
yago:Tower_of_London	rdf:type	yago:Castle	.
yago:Tower_of_London	rdf:type	yago:Independent_Museum_Q115154402	.
yago:Jay-Z	rdf:type	yago:Film_director	.
yago:Jay-Z	rdf:type	yago:Philanthropist	.
yago:Jay-Z	rdf:type	yago:Television_producer	.
yago:Jay-Z	rdf:type	yago:Record_producer	.
yago:Jay-Z	rdf:type	yago:Film_producer	.
yago:Jay-Z	rdf:type	yago:Sports_agent	.
yago:Jay-Z	rdf:type	yago:Fashion_Designer_Q3501317	.
yago:Jay-Z	rdf:type	yago:Actor	.
yago:Jay-Z	rdf:type	yago:Drug_Trafficker_Q10384029	.
yago:Jay-Z	rdf:type	yago:Singer	.
yago:Jay-Z	rdf:type	yago:Investor	.
yago:Jay-Z	rdf:type	yago:Rapper	.
yago:Jay-Z	rdf:type	yago:Songwriter	.
yago:Spider-Man	rdf:type	yago:Teacher	.
yago:Spider-Man	rdf:type	yago:Mutate_Q14831768	.
yago:Spider-Man	rdf:type	yago:Inventor	.
yago:Spider-Man	rdf:type	yago:Superhero	.
yago:Spider-Man	rdf:type	yago:Photographer	.
yago:Spider-Man	rdf:type	yago:Scientist	.
yago:Friends	rdf:type	schema:TVSeries	.
yago:Robin_Williams	rdf:type	yago:Stand-up_comedian	.
yago:Robin_Williams	rdf:type	yago:Stage_actor	.
yago:Robin_Williams	rdf:type	yago:Film_producer	.
yago:Robin_Williams	rdf:type	yago:Audiobook_Narrator_Q20856740	.
yago:Robin_Williams	rdf:type	yago:Screenwriter	.
yago:Robin_Williams	rdf:type	yago:Mime_artist	.
yago:Robin_Williams	rdf:type	yago:Film_actor	.
yago:Robin_Williams	rdf:type	yago:Television_actor	.
yago:Pillow	rdf:type	rdfs:Class	.
yago:Raccoon	rdf:type	schema:Taxon	.
yago:Robin_Hood	rdf:type	yago:Adventure_Film_Character_Q66808903	.
yago:Robin_Hood	rdf:type	yago:Legendary_hero	.
yago:Robin_Hood	rdf:type	yago:Fictional_Human_Q15632617	.
yago:Robin_Hood	rdf:type	yago:Archer	.
yago:Robin_Hood	rdf:type	yago:Fictional_Vigilante_Q20085850	.
yago:Robin_Hood	rdf:type	yago:Anime_Character_Q80447738	.
yago:Robin_Hood	rdf:type	yago:Thief	.
yago:Washing_machine	rdf:type	rdfs:Class	.
yago:Bee_Gees	rdf:type	yago:Band__u0028_rock_and_pop_u0029_	.
yago:Bee_Gees	rdf:type	yago:Sibling_Trio_Q58603552	.
yago:Phil_Collins	rdf:type	yago:Guitarist	.
yago:Phil_Collins	rdf:type	yago:Jazz_Musician_Q15981151	.
yago:Phil_Collins	rdf:type	yago:Bandleader	.
yago:Phil_Collins	rdf:type	yago:Pianist	.
yago:Phil_Collins	rdf:type	yago:Voice_actor	.
yago:Phil_Collins	rdf:type	yago:Singer-songwriter	.
yago:Phil_Collins	rdf:type	yago:Model__u0028_person_u0029_	.
yago:Phil_Collins	rdf:type	yago:Autobiographer_Q18814623	.
yago:Phil_Collins	rdf:type	yago:Pop_Singer_Q60723829	.
yago:Phil_Collins	rdf:type	yago:Film_actor	.
yago:Phil_Collins	rdf:type	yago:Recording_Artist_Q55960555	.
yago:Phil_Collins	rdf:type	yago:Television_actor	.
yago:Phil_Collins	rdf:type	yago:Rock_Musician_Q29017403	.
yago:Phil_Collins	rdf:type	yago:Lyricist	.
yago:Phil_Collins	rdf:type	yago:Drummer	.
yago:Nicki_Minaj	rdf:type	yago:Singer	.
yago:Eye_for_an_eye	rdf:type	yago:Principle_Of_Law_Q2608811	.
yago:Eye_for_an_eye	rdf:type	yago:Biblical_Phrase_Q117313237	.
yago:Lali_Espósito	rdf:type	yago:Stage_actor	.
yago:Lali_Espósito	rdf:type	yago:Singer-songwriter	.
yago:Lali_Espósito	rdf:type	yago:Film_actor	.
yago:Lali_Espósito	rdf:type	yago:Television_actor	.
yago:Kamala_Harris	rdf:type	yago:Politician	.
yago:Kamala_Harris	rdf:type	yago:Prosecutor	.
yago:Stranger_Things	rdf:type	schema:TVSeries	.
yago:Coronavirus	rdf:type	schema:Taxon	.
yago:Japan	rdf:type	yago:Sovereign_state	.
yago:Japan	rdf:type	yago:Oecd_Country_Q113489728	.
yago:Japan	rdf:type	yago:Island_country	.
yago:Sweden	rdf:type	yago:Sovereign_state	.
yago:London	rdf:type	yago:Metropolis	.
yago:London	rdf:type	yago:Financial_centre	.
yago:London	rdf:type	yago:Largest_City_Q51929311	.
yago:London	rdf:type	yago:Megacity	.
yago:London	rdf:type	yago:Capital_city	.
yago:Pacific_Ocean	rdf:type	yago:Ocean	.
yago:Pacific_Ocean	rdf:type	yago:Sea	.
yago:Venus	rdf:type	yago:Inferior_planet	.
yago:Galaxy	rdf:type	rdfs:Class	.
yago:Montreal	rdf:type	yago:Territory_Outside_Rcm_Q104782082	.
yago:Montreal	rdf:type	yago:College_town	.
yago:Montreal	rdf:type	yago:City_Or_Town_Q27676416	.
yago:Montreal	rdf:type	yago:Million_City_Q1637706	.
yago:Montreal	rdf:type	yago:Second_Largest_City_Q50330360	.
yago:Montreal	rdf:type	yago:Metropolis	.
yago:Yellowstone_National_Park	rdf:type	yago:Biosphere_reserve	.
yago:Yellowstone_National_Park	rdf:type	yago:National_Park_Of_The_United_States_Q34918903	.
yago:Venice	rdf:type	yago:Carfree_city	.
yago:Venice	rdf:type	yago:Big_City_Q1549591	.
yago:Venice	rdf:type	yago:Comune	.
yago:Venice	rdf:type	yago:Italian_city-states	.
yago:Venice	rdf:type	yago:Port_Settlement_Q2264924	.
yago:Amsterdam	rdf:type	yago:Big_City_Q1549591	.
yago:Amsterdam	rdf:type	yago:Largest_City_Q51929311	.
yago:Amsterdam	rdf:type	yago:Port_Settlement_Q2264924	.
yago:Amsterdam	rdf:type	yago:Place_With_Town_Rights_And_Privileges_Q13539802	.
yago:Amsterdam	rdf:type	yago:Cycling_City_Q1392581	.
yago:Amsterdam	rdf:type	yago:Cadastral_Populated_Place_In_The_Netherlands_Q1852859	.
yago:Virus	rdf:type	schema:Taxon	.
yago:Breaking_Bad	rdf:type	schema:TVSeries	.
yago:John_Lennon	rdf:type	yago:Guitarist	.
yago:John_Lennon	rdf:type	yago:Public_figure	.
yago:John_Lennon	rdf:type	yago:Pianist	.
yago:John_Lennon	rdf:type	yago:Painter	.
yago:John_Lennon	rdf:type	yago:Singer-songwriter	.
yago:John_Lennon	rdf:type	yago:Film_producer	.
yago:John_Lennon	rdf:type	yago:Peace_Activist_Q16323111	.
yago:John_Lennon	rdf:type	yago:Film_director	.
yago:John_Lennon	rdf:type	yago:Record_producer	.
yago:John_Lennon	rdf:type	yago:Film_actor	.
yago:John_Lennon	rdf:type	yago:Prosaist_Q12144794	.
yago:John_Lennon	rdf:type	yago:Recording_Artist_Q55960555	.
yago:John_Lennon	rdf:type	yago:Poet	.
yago:Roger_Federer	rdf:type	yago:Tennis_player	.
yago:Tom_Hanks	rdf:type	yago:Television_director	.
yago:Tom_Hanks	rdf:type	yago:Character_actor	.
yago:Tom_Hanks	rdf:type	yago:Executive_producer	.
yago:Tom_Hanks	rdf:type	yago:Short_story_writer	.
yago:Tom_Hanks	rdf:type	yago:Television_producer	.
yago:Tom_Hanks	rdf:type	yago:Stage_actor	.
yago:Tom_Hanks	rdf:type	yago:Film_producer	.
yago:Tom_Hanks	rdf:type	yago:Screenwriter	.
yago:Tom_Hanks	rdf:type	yago:Film_director	.
yago:Tom_Hanks	rdf:type	yago:Narrator_Q22343421	.
yago:Tom_Hanks	rdf:type	yago:Film_actor	.
yago:Tom_Hanks	rdf:type	yago:Comedian	.
yago:Tom_Hanks	rdf:type	yago:Composer	.
yago:Tom_Hanks	rdf:type	yago:Television_presenter	.
yago:Tom_Hanks	rdf:type	yago:Television_actor	.
yago:Berlin_Wall	rdf:type	yago:Destroyed_Building_Or_Structure_Q19860854	.
yago:Berlin_Wall	rdf:type	yago:Separation_barrier	.
yago:Berlin_Wall	rdf:type	yago:Cordon_Q1784293	.
yago:Sparta	rdf:type	yago:Polis	.
yago:Westminster_Abbey	rdf:type	yago:Royal_peculiar	.
yago:Westminster_Abbey	rdf:type	yago:Anglican_Or_Episcopal_Cathedral_Q56242250	.
yago:Westminster_Abbey	rdf:type	yago:Abbey	.
yago:Godzilla	rdf:type	yago:Mutants_in_fiction	.
yago:Godzilla	rdf:type	yago:Fictional_Reptile_Q65048226	.
yago:Godzilla	rdf:type	yago:Film_Character_Q15773347	.
yago:Godzilla	rdf:type	yago:Kaiju_Q18616317	.
yago:Tsunami	rdf:type	rdfs:Class	.
yago:Korean_War	rdf:type	yago:War	.
yago:September_11_attacks	rdf:type	yago:Mass_murder	.
yago:September_11_attacks	rdf:type	yago:Aircraft_hijacking	.
yago:September_11_attacks	rdf:type	yago:Suicide_attack	.
yago:Bear	rdf:type	schema:Taxon	.
yago:Angelina_Jolie	rdf:type	yago:Philanthropist	.
yago:Angelina_Jolie	rdf:type	yago:Fashion_Model_Q3357567	.
yago:Angelina_Jolie	rdf:type	yago:Film_Screenwriter_Q69423232	.
yago:Angelina_Jolie	rdf:type	yago:Diarist_Q18939491	.
yago:Angelina_Jolie	rdf:type	yago:Filmmaker_Q1414443	.
yago:Angelina_Jolie	rdf:type	yago:Film_producer	.
yago:Angelina_Jolie	rdf:type	yago:Character_actor	.
yago:Angelina_Jolie	rdf:type	yago:Executive_producer	.
yago:Angelina_Jolie	rdf:type	yago:Voice_actor	.
yago:Angelina_Jolie	rdf:type	yago:Film_actor	.
yago:Angelina_Jolie	rdf:type	yago:Television_actor	.
yago:Angelina_Jolie	rdf:type	yago:Humanitarian_Q22336956	.
yago:Soviet_Union	rdf:type	yago:Historical_Country_Q3024240	.
yago:Adele	rdf:type	yago:Guitarist	.
yago:Adele	rdf:type	yago:Singer-songwriter	.
yago:Adele	rdf:type	yago:Executive_producer	.
yago:Adele	rdf:type	yago:Pianist	.
yago:Adele	rdf:type	yago:Recording_Artist_Q55960555	.
yago:Adele	rdf:type	yago:Drummer	.
yago:Titanic	rdf:type	yago:Four-funnel_liner	.
yago:Titanic	rdf:type	yago:Shipwreck	.
yago:Knife	rdf:type	rdfs:Class	.
yago:Justin_Bieber	rdf:type	yago:Musician	.
yago:Satan	rdf:type	yago:Devil	.
yago:Beach	rdf:type	rdfs:Class	.
yago:Divine_Comedy	rdf:type	yago:Written_Work_Q47461344	.
yago:Demi_Lovato	rdf:type	yago:Guitarist	.
yago:Demi_Lovato	rdf:type	yago:Singer-songwriter	.
yago:Demi_Lovato	rdf:type	yago:Child_actor	.
yago:Demi_Lovato	rdf:type	yago:Pianist	.
yago:Demi_Lovato	rdf:type	yago:Television_personality	.
yago:Charles_III	rdf:type	yago:Philanthropist	.
yago:Charles_III	rdf:type	yago:Aristocracy__u0028_class_u0029_	.
yago:Charles_III	rdf:type	yago:Entrepreneur	.
yago:Charles_III	rdf:type	yago:Children_U0027_S_Writer_Q4853732	.
yago:Charles_III	rdf:type	yago:Helicopter_Pilot_Q20726593	.
yago:Charles_III	rdf:type	yago:Environmentalist	.
yago:Charles_III	rdf:type	yago:Polo_Player_Q13218361	.
yago:Pompeii	rdf:type	yago:Ancient_City_Q15661340	.
yago:Lunar_eclipse	rdf:type	rdfs:Class	.
yago:Coldplay	rdf:type	yago:Rock_Group_Q5741069	.
yago:Red_Fort	rdf:type	yago:Fort	.
yago:Vampire	rdf:type	rdfs:Class	.
yago:Mein_Kampf	rdf:type	yago:Literary_Work_Q7725634	.
yago:Noah_Cyrus	rdf:type	yago:Voice_actor	.
yago:Noah_Cyrus	rdf:type	yago:Film_actor	.
yago:Noah_Cyrus	rdf:type	yago:Television_actor	.
yago:Noah_Cyrus	rdf:type	yago:Singer	.
yago:Spice_Girls	rdf:type	yago:Girl_group	.
yago:The_Hobbit	rdf:type	yago:Literary_Work_Q7725634	.
yago:Megan_Fox	rdf:type	yago:Fashion_Model_Q3357567	.
yago:Megan_Fox	rdf:type	yago:Voice_actor	.
yago:Megan_Fox	rdf:type	yago:Film_actor	.
yago:Megan_Fox	rdf:type	yago:Television_actor	.
yago:Spoon	rdf:type	rdfs:Class	.
yago:Brooklyn_Bridge	rdf:type	yago:Steel_Bridge_Q12042110	.
yago:Brooklyn_Bridge	rdf:type	yago:Road_Bridge_Q537127	.
yago:Brooklyn_Bridge	rdf:type	yago:Railway_bridge	.
yago:Brooklyn_Bridge	rdf:type	yago:Cable-stayed_bridge	.
yago:Brooklyn_Bridge	rdf:type	yago:Multi-Level_Bridge_Q1243306	.
yago:Brooklyn_Bridge	rdf:type	yago:Suspension_bridge	.
yago:Kristen_Stewart	rdf:type	yago:Film_director	.
yago:Kristen_Stewart	rdf:type	yago:Film_actor	.
yago:Kristen_Stewart	rdf:type	yago:Television_actor	.
yago:Nineteen_Eighty-Four	rdf:type	yago:Literary_Work_Q7725634	.
yago:Journey_to_the_Center_of_the_Earth	rdf:type	yago:Literary_Work_Q7725634	.
yago:Batman	rdf:type	yago:Philanthropist	.
yago:Batman	rdf:type	yago:Superhero_Film_Character_Q63998451	.
yago:Batman	rdf:type	yago:List_of_fictional_detectives	.
yago:Batman	rdf:type	yago:Superhero	.
yago:Batman	rdf:type	yago:Comics_Character_Q1114461	.
yago:Batman	rdf:type	yago:Fictional_Vigilante_Q20085850	.
yago:Batman	rdf:type	yago:Chief_executive_officer	.
yago:Batman	rdf:type	yago:Anime_Character_Q80447738	.
yago:Batman	rdf:type	yago:Martial_Artist_Q11124885	.
yago:Batman	rdf:type	yago:Businessperson	.
yago:The_Big_Short	rdf:type	yago:Written_Work_Q47461344	.
yago:Canada	rdf:type	yago:Sovereign_state	.
yago:Spain	rdf:type	yago:Sovereign_state	.
yago:Earth	rdf:type	yago:Inner_planet	.
yago:Poland	rdf:type	yago:Oecd_Country_Q113489728	.
yago:Poland	rdf:type	yago:Country_Bordering_The_Baltic_Sea_Q63791824	.
yago:Switzerland	rdf:type	yago:Sovereign_state	.
yago:Apple	rdf:type	rdfs:Class	.
yago:France	rdf:type	yago:Mediterranean_Country_Q51576574	.
yago:Toronto	rdf:type	yago:Financial_centre	.
yago:Toronto	rdf:type	yago:Largest_City_Q51929311	.
yago:Toronto	rdf:type	yago:Million_City_Q1637706	.
yago:Toronto	rdf:type	yago:Provincial_Or_Territorial_Capital_City_In_Canada_Q21507383	.
yago:Toronto	rdf:type	yago:Single-Tier_Municipality_Q14762300	.
yago:Jupiter	rdf:type	yago:Outer_planets	.
yago:Jupiter	rdf:type	yago:Gas_giant	.
yago:Adolf_Hitler	rdf:type	yago:Politician	.
yago:Guantanamo_Bay_detention_camp	rdf:type	yago:Military_prison	.
yago:Istanbul	rdf:type	yago:Million_City_Q1637706	.
yago:Quran	rdf:type	rdfs:Class	.
yago:Black_hole	rdf:type	rdfs:Class	.
yago:Moscow	rdf:type	yago:Federal_cities_of_Russia	.
yago:Moscow	rdf:type	yago:Largest_City_Q51929311	.
yago:Moscow	rdf:type	yago:Megacity	.
yago:Moscow	rdf:type	yago:Capital_Of_Russia_Q4442912	.
yago:Mahatma_Gandhi	rdf:type	yago:Newspaper_Editor_Q17351648	.
yago:Mahatma_Gandhi	rdf:type	yago:Revolutionary	.
yago:Mahatma_Gandhi	rdf:type	yago:Civil_Rights_Advocate_Q1021386	.
yago:Mahatma_Gandhi	rdf:type	yago:Political_Writer_Q15958642	.
yago:Mahatma_Gandhi	rdf:type	yago:Essayist	.
yago:Mahatma_Gandhi	rdf:type	yago:Barrister	.
yago:Mahatma_Gandhi	rdf:type	yago:Politician	.
yago:Mahatma_Gandhi	rdf:type	yago:Peace_Activist_Q16323111	.
yago:Mahatma_Gandhi	rdf:type	yago:Humanitarian_Q22336956	.
yago:Mahatma_Gandhi	rdf:type	yago:Memoirist_Q11774156	.
yago:Evolution	rdf:type	rdfs:Class	.
yago:Sirius	rdf:type	yago:Binary_star	.
yago:Sirius	rdf:type	yago:Navigational_Star_Q108171565	.
yago:Seattle	rdf:type	yago:County_seat	.
yago:Seattle	rdf:type	yago:Big_City_Q1549591	.
yago:Seattle	rdf:type	yago:City_In_The_United_States_Q1093829	.
yago:Eminem	rdf:type	yago:Rapper	.
yago:Alan_Turing	rdf:type	yago:Computer_scientist	.
yago:Alan_Turing	rdf:type	yago:Cryptographer_Q15442776	.
yago:Mammal	rdf:type	schema:Taxon	.
yago:Vladimir_Putin	rdf:type	yago:Politician	.
yago:Crimea	rdf:type	yago:Disputed_territory	.
yago:Crimea	rdf:type	yago:Peninsula	.
yago:Climate_change	rdf:type	rdfs:Class	.
yago:Alexander_the_Great	rdf:type	yago:Military_Leader_Q1402561	.
yago:Alexander_the_Great	rdf:type	yago:Monarch	.
yago:The_Big_Bang_Theory	rdf:type	schema:TVSeries	.
yago:Colosseum	rdf:type	yago:Italian_National_Museum_Q3867560	.
yago:Colosseum	rdf:type	yago:Roman_amphitheatre	.
yago:Colosseum	rdf:type	yago:Stadium	.
yago:Colosseum	rdf:type	yago:Archaeological_Artifact_Museum_Q112132548	.
yago:Colosseum	rdf:type	yago:Historical_Civil_Building_Museum_Q112132522	.
yago:David_Beckham	rdf:type	yago:Association_football_player	.
yago:David_Beckham	rdf:type	yago:Entrepreneur	.
yago:David_Beckham	rdf:type	yago:Model__u0028_person_u0029_	.
yago:David_Beckham	rdf:type	yago:Actor	.
yago:David_Beckham	rdf:type	yago:Blogger_Q8246794	.
yago:Ancient_Egypt	rdf:type	yago:Historical_Country_Q3024240	.
yago:Tutankhamun	rdf:type	yago:Ruler_Q1097498	.
yago:Great_Wall_of_China	rdf:type	yago:Defense_line	.
yago:Crusades	rdf:type	rdfs:Class	.
yago:ABBA	rdf:type	yago:Band__u0028_rock_and_pop_u0029_	.
yago:Vancouver	rdf:type	yago:Big_City_Q1549591	.
yago:Vancouver	rdf:type	yago:City_In_British_Columbia_Q60458065	.
yago:Vancouver	rdf:type	yago:Border_town	.
yago:Austria-Hungary	rdf:type	yago:Historical_Country_Q3024240	.
yago:The_Vampire_Diaries	rdf:type	schema:TVSeries	.
yago:Odyssey	rdf:type	yago:Epic_poetry	.
yago:Jaguar	rdf:type	schema:Taxon	.
yago:Will_Smith	rdf:type	yago:Film_producer	.
yago:Will_Smith	rdf:type	yago:Actor	.
yago:Will_Smith	rdf:type	yago:Singer	.
yago:Heath_Ledger	rdf:type	yago:Film_director	.
yago:Heath_Ledger	rdf:type	yago:Character_actor	.
yago:Heath_Ledger	rdf:type	yago:Film_actor	.
yago:Heath_Ledger	rdf:type	yago:Television_actor	.
yago:Windsor_Castle	rdf:type	yago:Royal_palace	.
yago:Windsor_Castle	rdf:type	yago:English_country_house	.
yago:Windsor_Castle	rdf:type	yago:Historic_house_museum	.
yago:Windsor_Castle	rdf:type	yago:Castle	.
yago:Keanu_Reeves	rdf:type	yago:Film_director	.
yago:Keanu_Reeves	rdf:type	yago:Film_producer	.
yago:Keanu_Reeves	rdf:type	yago:Voice_actor	.
yago:Keanu_Reeves	rdf:type	yago:Film_actor	.
yago:Keanu_Reeves	rdf:type	yago:Writer	.
yago:Keanu_Reeves	rdf:type	yago:Singer	.
yago:Keanu_Reeves	rdf:type	yago:Television_actor	.
yago:John_Cena	rdf:type	yago:Executive_producer	.
yago:John_Cena	rdf:type	yago:Voice_actor	.
yago:John_Cena	rdf:type	yago:Writer	.
yago:John_Cena	rdf:type	yago:Rapper	.
yago:John_Cena	rdf:type	yago:Professional_Wrestler_Q13474373	.
yago:John_Cena	rdf:type	yago:Amateur_Wrestler_Q12369333	.
yago:United_States_Capitol	rdf:type	yago:Capitol_Building_Q3284499	.
yago:Petronas_Towers	rdf:type	yago:Skyscraper	.
yago:Petronas_Towers	rdf:type	yago:Twin_Towers_Q19934856	.
yago:Prometheus	rdf:type	yago:Titans	.
yago:Alexander_Hamilton	rdf:type	yago:Aide-de-camp	.
yago:Alexander_Hamilton	rdf:type	yago:Lawyer	.
yago:Alexander_Hamilton	rdf:type	yago:Philosopher	.
yago:Alexander_Hamilton	rdf:type	yago:Politician	.
yago:Alexander_Hamilton	rdf:type	yago:Economist	.
yago:Alexander_Hamilton	rdf:type	yago:Writer	.
yago:Alexander_Hamilton	rdf:type	yago:Slave_Trader_Q17769800	.
yago:Alexander_Hamilton	rdf:type	yago:Officer__u0028_armed_forces_u0029_	.
yago:Gorillaz	rdf:type	yago:Virtual_band	.
yago:Ted_Bundy	rdf:type	yago:Serial_killer	.
yago:Ted_Bundy	rdf:type	yago:Psychologist	.
yago:Tom_Hardy	rdf:type	yago:Stage_actor	.
yago:Tom_Hardy	rdf:type	yago:Film_producer	.
yago:Tom_Hardy	rdf:type	yago:Screenwriter	.
yago:Tom_Hardy	rdf:type	yago:Executive_producer	.
yago:Tom_Hardy	rdf:type	yago:Model__u0028_person_u0029_	.
yago:Tom_Hardy	rdf:type	yago:Film_actor	.
yago:Tom_Hardy	rdf:type	yago:Television_actor	.
yago:Tom_Brady	rdf:type	yago:American_Football_Player_Q19204627	.
yago:Al-Aqsa_Mosque	rdf:type	yago:Mosque	.
yago:Foo_Fighters	rdf:type	yago:Rock_Group_Q5741069	.
yago:Charles_Manson	rdf:type	yago:Serial_killer	.
yago:Charles_Manson	rdf:type	yago:Cult_Leader_Q20956402	.
yago:Charles_Manson	rdf:type	yago:Musician	.
yago:Compassion	rdf:type	rdfs:Class	.
yago:Egypt	rdf:type	yago:Mediterranean_Country_Q51576574	.
yago:Egypt	rdf:type	yago:Transcontinental_country	.
yago:Pokémon_Go	rdf:type	yago:Location-based_game	.
yago:Pokémon_Go	rdf:type	yago:Mobile_game	.
yago:Los_Angeles	rdf:type	yago:Charter_City_Q13218391	.
yago:Los_Angeles	rdf:type	yago:Global_city	.
yago:Los_Angeles	rdf:type	yago:Megacity	.
yago:Los_Angeles	rdf:type	yago:Second_Largest_City_Q50330360	.
yago:Los_Angeles	rdf:type	yago:Business_cluster	.
yago:Los_Angeles	rdf:type	yago:Metropolis	.
yago:Barack_Obama	rdf:type	yago:Statesman	.
yago:Barack_Obama	rdf:type	yago:Lawyer	.
yago:Barack_Obama	rdf:type	yago:Academic_Q3400985	.
yago:Barack_Obama	rdf:type	yago:Political_Writer_Q15958642	.
yago:Barack_Obama	rdf:type	yago:Community_Organizer_Q28532974	.
yago:Barack_Obama	rdf:type	yago:Podcaster_Q15077007	.
yago:Barack_Obama	rdf:type	yago:Memoirist_Q11774156	.
yago:Mars	rdf:type	yago:Superior_planet	.
yago:Mars	rdf:type	yago:Inner_planet	.
yago:Eiffel_Tower	rdf:type	yago:Landmark	.
yago:Eiffel_Tower	rdf:type	yago:Lattice_tower	.
yago:Eiffel_Tower	rdf:type	yago:Observation_tower	.
yago:North_Korea	rdf:type	yago:Hermit_kingdom	.
yago:North_Korea	rdf:type	yago:People_u0027_s_republic	.
yago:Dinosaur	rdf:type	yago:Clade	.
yago:Iran	rdf:type	yago:Sovereign_state	.
yago:Joseph_Stalin	rdf:type	yago:Revolutionary	.
yago:Joseph_Stalin	rdf:type	yago:Statesman	.
yago:Joseph_Stalin	rdf:type	yago:Opinion_writer	.
yago:Republic_of_the_Congo	rdf:type	yago:Sovereign_state	.
yago:Jerusalem	rdf:type	yago:Holy_City_Of_Abrahamic_Religion_Q116291627	.
yago:Jerusalem	rdf:type	yago:Big_City_Q1549591	.
yago:Jerusalem	rdf:type	yago:Roman_City_Q2202509	.
yago:Jerusalem	rdf:type	yago:Largest_City_Q51929311	.
yago:Spider	rdf:type	schema:Taxon	.
yago:Arnold_Schwarzenegger	rdf:type	yago:Film_director	.
yago:Arnold_Schwarzenegger	rdf:type	yago:Film_producer	.
yago:Arnold_Schwarzenegger	rdf:type	yago:Politician	.
yago:Arnold_Schwarzenegger	rdf:type	yago:Real_estate_agent	.
yago:Arnold_Schwarzenegger	rdf:type	yago:Film_actor	.
yago:Arnold_Schwarzenegger	rdf:type	yago:Powerlifter_Q23845879	.
yago:Arnold_Schwarzenegger	rdf:type	yago:Autobiographer_Q18814623	.
yago:Arnold_Schwarzenegger	rdf:type	yago:Soldier	.
yago:Arnold_Schwarzenegger	rdf:type	yago:Bodybuilder_Q15982795	.
yago:Arnold_Schwarzenegger	rdf:type	yago:Restaurateur	.
yago:Michael_Jackson	rdf:type	yago:Philanthropist	.
yago:Michael_Jackson	rdf:type	yago:Voice_actor	.
yago:Michael_Jackson	rdf:type	yago:Singer-songwriter	.
yago:Michael_Jackson	rdf:type	yago:Art_Collector_Q10732476	.
yago:Michael_Jackson	rdf:type	yago:Screenwriter	.
yago:Michael_Jackson	rdf:type	yago:Dancer	.
yago:Michael_Jackson	rdf:type	yago:Model__u0028_person_u0029_	.
yago:Michael_Jackson	rdf:type	yago:Autobiographer_Q18814623	.
yago:Michael_Jackson	rdf:type	yago:Film_director	.
yago:Michael_Jackson	rdf:type	yago:Record_producer	.
yago:Michael_Jackson	rdf:type	yago:Film_actor	.
yago:Michael_Jackson	rdf:type	yago:Recording_Artist_Q55960555	.
yago:Michael_Jackson	rdf:type	yago:Poet	.
yago:Amazon_River	rdf:type	yago:River	.
yago:Miley_Cyrus	rdf:type	yago:Singer-songwriter	.
yago:Miley_Cyrus	rdf:type	yago:Voice_actor	.
yago:Miley_Cyrus	rdf:type	yago:Film_actor	.
yago:Miley_Cyrus	rdf:type	yago:Television_actor	.
yago:Confucius	rdf:type	yago:Teacher	.
yago:Confucius	rdf:type	yago:Philosopher	.
yago:Confucius	rdf:type	yago:Writer	.
yago:Sherlock_Holmes	rdf:type	yago:Fictional_Human_Q15632617	.
yago:Sherlock_Holmes	rdf:type	yago:List_of_fictional_detectives	.
yago:Sherlock_Holmes	rdf:type	yago:Television_Character_Q15773317	.
yago:Sherlock_Holmes	rdf:type	yago:Film_Character_Q15773347	.
yago:Sherlock_Holmes	rdf:type	yago:Private_investigator	.
yago:Sherlock_Holmes	rdf:type	yago:Literary_Character_Q3658341	.
yago:Himalayas	rdf:type	yago:Mountain_range	.
yago:Snoop_Dogg	rdf:type	yago:Record_producer	.
yago:Snoop_Dogg	rdf:type	yago:Film_actor	.
yago:Snoop_Dogg	rdf:type	yago:Singer	.
yago:Snoop_Dogg	rdf:type	yago:Rapper	.
yago:Snoop_Dogg	rdf:type	yago:Television_actor	.
yago:Snoop_Dogg	rdf:type	yago:Songwriter	.
yago:Kiss	rdf:type	rdfs:Class	.
yago:Earthquake	rdf:type	rdfs:Class	.
yago:One_Thousand_and_One_Nights	rdf:type	yago:Literary_Work_Q7725634	.
yago:Shanghai	rdf:type	yago:Direct-administered_municipalities_of_China	.
yago:Shanghai	rdf:type	yago:National_central_city	.
yago:Shanghai	rdf:type	yago:National_Economic_and_Technological_Development_Zones	.
yago:Shanghai	rdf:type	yago:Largest_City_Q51929311	.
yago:Shanghai	rdf:type	yago:Port_Settlement_Q2264924	.
yago:Shanghai	rdf:type	yago:Megacity	.
yago:Shanghai	rdf:type	yago:Global_city	.
yago:Shanghai	rdf:type	yago:Metropolis	.
yago:Ocean	rdf:type	rdfs:Class	.
yago:Dwayne_Johnson	rdf:type	yago:American_Football_Player_Q19204627	.
yago:Dwayne_Johnson	rdf:type	yago:Canadian_Football_Player_Q19841381	.
yago:Dwayne_Johnson	rdf:type	yago:Film_producer	.
yago:Dwayne_Johnson	rdf:type	yago:Executive_producer	.
yago:Dwayne_Johnson	rdf:type	yago:Voice_actor	.
yago:Dwayne_Johnson	rdf:type	yago:Film_actor	.
yago:Dwayne_Johnson	rdf:type	yago:Television_actor	.
yago:Dwayne_Johnson	rdf:type	yago:Professional_Wrestler_Q13474373	.
yago:Tiger_Woods	rdf:type	yago:Animal_Trainer_Q8011071	.
yago:Tiger_Woods	rdf:type	yago:Golfer	.
yago:Tiger_Woods	rdf:type	yago:Writer	.
yago:Potato	rdf:type	schema:Taxon	.
yago:The_Rolling_Stones	rdf:type	yago:Rock_Group_Q5741069	.
yago:Cristiano_Ronaldo	rdf:type	yago:Association_football_player	.
yago:Freddie_Mercury	rdf:type	yago:Guitarist	.
yago:Freddie_Mercury	rdf:type	yago:Graphic_designer	.
yago:Freddie_Mercury	rdf:type	yago:Poet	.
yago:Freddie_Mercury	rdf:type	yago:Singer-songwriter	.
yago:Freddie_Mercury	rdf:type	yago:Record_producer	.
yago:Freddie_Mercury	rdf:type	yago:Pianist	.
yago:Freddie_Mercury	rdf:type	yago:Rock_Musician_Q29017403	.
yago:Freddie_Mercury	rdf:type	yago:Painter	.
yago:LeBron_James	rdf:type	yago:Basketball_player	.
yago:LeBron_James	rdf:type	yago:Television_actor	.
yago:LeBron_James	rdf:type	yago:Screenwriter	.
yago:Octopus	rdf:type	schema:Taxon	.
yago:Battle_of_Waterloo	rdf:type	yago:Battle	.
yago:Spartacus	rdf:type	yago:Military_Leader_Q1402561	.
yago:Spartacus	rdf:type	yago:Gladiator	.
yago:Persepolis	rdf:type	yago:Landmark_building	.
yago:Persepolis	rdf:type	yago:Capital_city	.
yago:Persepolis	rdf:type	yago:Ancient_City_Q15661340	.
yago:World_of_Warcraft	rdf:type	yago:Video_game	.
yago:Acropolis_of_Athens	rdf:type	yago:Acropolis	.
yago:The_Prince	rdf:type	yago:Literary_Work_Q7725634	.
yago:The_Dark_Knight_Rises	rdf:type	schema:Movie	.
yago:Stephen_Curry	rdf:type	yago:Basketball_player	.
